id,nome,categoria,preco,estoque,fornecedor
1,Maxime Voluptate,Casa,301.44,999,Almeida - EI
2,Itaque Accusamus,Brinquedos,114.24,243,da Mota da Luz S/A
3,Debitis Quaerat,Brinquedos,166.36,53,da Rocha
4,Ut Quae,Livros,128.01,242,Souza Oliveira Ltda.
5,Dignissimos Provident,Alimentos,19.57,58,Azevedo Ferreira Ltda.
6,Natus Quos,Brinquedos,56.66,648,Fogaça da Rosa S.A.
7,Vero Maxime,Saúde,270.09,388,Gomes
8,Minus Dicta,Roupas,213.95,980,Correia S.A.
9,Doloribus Repellat,Casa,455.93,233,Rodrigues
10,Quos Minima,Alimentos,357.58,544,Melo S.A.
11,Pariatur Deleniti,Brinquedos,475.65,837,Barbosa S/A
12,Ratione Accusantium,Livros,411.31,522,Nogueira e Filhos
13,Ab Dolore,Casa,96.9,572,Rezende
14,Aliquid Soluta,Beleza,191.28,748,Cunha
15,Illo Adipisci,Brinquedos,353.3,662,da Cunha Nogueira - ME
16,At Velit,Brinquedos,161.07,909,Farias Costa e Filhos
17,Amet Maxime,Brinquedos,366.13,348,Pereira - EI
18,Nobis Dignissimos,Bebidas,293.65,46,Araújo e Filhos
19,Temporibus Nulla,Brinquedos,113.01,733,Rodrigues Cunha e Filhos
20,Praesentium Magnam,Brinquedos,417.28,439,Dias Duarte Ltda.
21,Enim Esse,Roupas,445.46,451,Cavalcanti
22,Amet Possimus,Alimentos,240.09,937,Pinto
23,Nam Aut,Bebidas,488.22,846,da Cruz Barbosa - EI
24,A Dolore,Beleza,136.41,316,Pinto Ltda.
25,Quidem Molestiae,Bebidas,316.48,441,Pinto
26,Perspiciatis Non,Livros,158.94,842,Araújo Dias - EI
27,Voluptatem Exercitationem,Casa,357.59,952,Moraes Pires S/A
28,Ipsa Sapiente,Roupas,392.49,120,Duarte Carvalho - ME
29,Odit Aliquam,Bebidas,174.59,501,Farias
30,Voluptate Culpa,Bebidas,310.56,245,da Paz Viana S/A
31,Voluptas Corporis,Alimentos,415.28,519,Ramos
32,Nulla Unde,Esportes,308.5,610,Pereira
33,Facere Laboriosam,Beleza,136.31,677,Pires
34,Autem Autem,Saúde,290.82,197,Duarte Correia - EI
35,Debitis Incidunt,Brinquedos,420.57,979,Aragão e Filhos
36,Esse Provident,Roupas,49.55,447,da Costa S.A.
37,Quae Similique,Livros,194.08,897,Souza S/A
38,Perferendis Voluptatibus,Roupas,117.16,378,Fernandes Costa S/A
39,Sed Delectus,Alimentos,23.27,599,Ribeiro
40,Harum Quaerat,Bebidas,460.63,531,Barros
41,Sequi Unde,Brinquedos,158.12,235,Pinto Azevedo S/A
42,Saepe Sint,Livros,163.15,606,Pinto S.A.
43,Adipisci Atque,Roupas,132.91,532,Fogaça
44,Corporis Blanditiis,Brinquedos,30.13,44,Ferreira
45,Aperiam Mollitia,Bebidas,472.82,89,Nascimento e Filhos
46,Dolore Ullam,Saúde,334.22,840,Cardoso Almeida S/A
47,Aperiam Illo,Brinquedos,334.28,847,Correia
48,In Pariatur,Eletrônicos,94.1,146,Oliveira Lopes Ltda.
49,Voluptas Eaque,Bebidas,91.23,304,Barros
50,Quae Dolorum,Eletrônicos,217.63,796,Peixoto
51,Ut Dolor,Casa,341.02,981,Ribeiro
52,Recusandae Corrupti,Livros,169.83,124,Silva
53,Asperiores Consectetur,Saúde,168.22,590,Peixoto Teixeira - ME
54,Explicabo Distinctio,Casa,449.82,477,Nascimento
55,Adipisci Cum,Roupas,489.99,903,Lopes
56,Porro Corrupti,Eletrônicos,398.06,98,Caldeira S/A
57,Quas Cum,Brinquedos,419.36,389,Gomes
58,Deleniti Omnis,Alimentos,407.31,997,Costela Azevedo e Filhos
59,Quos Iste,Bebidas,353.1,29,Rocha
60,Inventore Natus,Eletrônicos,284.71,842,Rocha
61,Commodi Earum,Saúde,77.41,731,Viana - EI
62,Necessitatibus Voluptates,Brinquedos,399.35,368,Duarte
63,Explicabo Ducimus,Esportes,196.77,478,Cardoso
64,Minima Reprehenderit,Livros,127.44,793,Fogaça S.A.
65,Consequatur Tempora,Brinquedos,277.66,72,Dias
66,Ex Placeat,Beleza,221.71,718,Rodrigues
67,Dicta Consequuntur,Beleza,266.82,710,Gonçalves e Filhos
68,Porro Voluptatibus,Esportes,216.99,900,Moreira
69,Dolorem Eligendi,Roupas,94.98,780,Fogaça
70,Soluta Ducimus,Eletrônicos,467.17,98,das Neves - ME
71,Error Placeat,Roupas,341.13,670,Alves Nogueira e Filhos
72,Rerum Neque,Alimentos,375.24,738,Pereira Rodrigues e Filhos
73,Deserunt Temporibus,Bebidas,324.26,763,Cunha da Cunha e Filhos
74,Dignissimos Deleniti,Brinquedos,262.7,721,da Cruz
75,Error Adipisci,Esportes,138.23,760,Rezende
76,Iste Mollitia,Bebidas,378.85,849,Costa
77,Aliquid At,Bebidas,214.75,571,Mendes
78,Repudiandae Reprehenderit,Eletrônicos,171.77,347,Carvalho Costa e Filhos
79,Aut Consectetur,Bebidas,475.38,606,Cunha Almeida Ltda.
80,Natus Placeat,Brinquedos,401.77,299,Fogaça e Filhos
81,At Id,Casa,73.4,162,Rezende
82,Quod Itaque,Alimentos,157.1,700,Souza
83,Laborum Cumque,Bebidas,238.27,596,da Mota
84,Qui Quia,Bebidas,231.69,786,Caldeira
85,Quibusdam Laboriosam,Saúde,176.8,910,da Luz S.A.
86,Ab Tenetur,Roupas,386.34,967,da Cruz Barros Ltda.
87,Voluptates Possimus,Esportes,399.2,649,Moreira
88,Tempora Dignissimos,Bebidas,448.72,598,Pinto Silva - EI
89,Maxime Corrupti,Bebidas,187.82,894,da Rosa Ltda.
90,Nulla Assumenda,Eletrônicos,256.45,210,Santos Costela S/A
91,Explicabo Possimus,Casa,194.97,966,da Cunha - EI
92,Ipsum Placeat,Eletrônicos,274.69,519,Rodrigues
93,Repellendus Deserunt,Beleza,400.59,221,Duarte S/A
94,Tempora Molestiae,Livros,158.12,348,Fogaça
95,Fugit Dolores,Roupas,119.39,7,Almeida
96,Placeat Dignissimos,Saúde,484.55,111,Gomes S.A.
97,Dolorum Perferendis,Beleza,232.1,802,Mendes
98,Ab Totam,Saúde,394.29,227,Rezende S/A
99,Ullam Officiis,Bebidas,479.76,793,Novaes Ltda.
100,Cupiditate Quibusdam,Saúde,382.03,67,Vieira Costa Ltda.
101,Aliquid Facilis,Alimentos,381.62,476,Farias
102,Vitae Harum,Brinquedos,99.14,112,Santos
103,Tempore Mollitia,Livros,299.17,723,Rezende
104,Aliquam Accusamus,Livros,372.66,633,Cunha Dias Ltda.
105,Dignissimos Quia,Bebidas,374.36,920,Campos - EI
106,Dicta Distinctio,Alimentos,102.52,524,Martins S/A
107,Laudantium Quisquam,Casa,436.21,435,Sales
108,Dicta Esse,Esportes,333.78,388,Cunha
109,Tenetur Aspernatur,Esportes,366.38,193,Alves
110,Expedita Voluptas,Esportes,482.9,697,Correia Nunes e Filhos
111,Totam Unde,Casa,17.3,597,da Rosa e Filhos
112,Animi Totam,Beleza,466.34,574,da Rosa
113,Perferendis Maiores,Roupas,146.15,127,Cardoso
114,Veniam Exercitationem,Alimentos,456.69,717,da Rosa
115,Maxime Magnam,Saúde,203.67,18,Ribeiro
116,At Ipsa,Bebidas,94.61,975,Fogaça
117,Eveniet Fugiat,Alimentos,225.51,594,Castro
118,Quis Rerum,Eletrônicos,101.29,843,da Cunha Nogueira S.A.
119,Accusantium Veniam,Eletrônicos,359.58,618,da Cruz
120,Dolorem Soluta,Livros,213.2,850,Dias
121,Ipsum Voluptatibus,Livros,280.39,272,Freitas Alves - ME
122,Rerum Et,Eletrônicos,478.62,969,Aragão Peixoto e Filhos
123,Cumque Qui,Beleza,301.43,321,Nunes
124,Fugiat Ab,Roupas,316.14,955,Ferreira
125,Explicabo Corporis,Eletrônicos,55.4,69,Nunes
126,Laboriosam Repellat,Roupas,177.74,729,Novaes Mendes - ME
127,Ipsum Similique,Alimentos,364.72,77,Azevedo e Filhos
128,Aut Temporibus,Saúde,176.54,174,Melo - EI
129,Tempore Porro,Livros,322.02,204,Pires
130,Ex Culpa,Livros,46.28,15,Porto
131,Esse Laborum,Casa,410.95,469,Sales
132,Porro Quibusdam,Brinquedos,56.55,540,Alves Almeida Ltda.
133,Temporibus Aliquam,Alimentos,147.28,402,Cavalcanti
134,Unde Quasi,Esportes,328.65,789,Araújo
135,Atque Totam,Alimentos,317.24,435,Pinto
136,Voluptates Voluptatum,Livros,104.39,748,Pinto - EI
137,Quisquam Fugiat,Eletrônicos,391.95,765,Oliveira Melo - EI
138,Perspiciatis Quos,Casa,244.78,640,Duarte
139,Doloremque Nihil,Bebidas,391.97,589,Novaes
140,Temporibus Incidunt,Alimentos,463.08,643,Cardoso
141,Laborum Molestiae,Eletrônicos,201.8,138,Teixeira
142,Eveniet Accusantium,Eletrônicos,384.6,191,Rezende Ltda.
143,Rerum Sint,Roupas,253.75,525,Jesus - ME
144,Eos Harum,Casa,28.88,241,Cardoso
145,Perferendis Culpa,Roupas,467.5,53,Moraes
146,Iste Ipsam,Bebidas,107.88,265,Castro Cunha S.A.
147,Ipsam Expedita,Beleza,196.73,843,Oliveira - ME
148,Ad Modi,Livros,367.57,369,Souza - EI
149,Qui Eos,Beleza,214.73,956,Ramos
150,Ipsam Id,Brinquedos,276.93,680,Melo Santos S.A.
151,Aperiam Illo,Casa,442.23,771,Cavalcanti
152,Facilis Repudiandae,Eletrônicos,415.0,764,Costa
153,Fugit Iure,Casa,354.42,785,Duarte Fogaça - ME
154,Laborum Voluptas,Roupas,312.72,808,Porto Sales e Filhos
155,Deserunt Ullam,Roupas,392.45,491,Farias S.A.
156,Aspernatur Provident,Alimentos,268.16,361,Gonçalves S/A
157,Dolores Consequuntur,Saúde,386.02,906,das Neves Pires S.A.
158,Numquam Pariatur,Casa,133.55,91,Costela
159,Sunt Unde,Brinquedos,131.57,320,Oliveira Silva e Filhos
160,Veritatis Suscipit,Esportes,16.54,328,Fogaça
161,Consectetur Nostrum,Bebidas,277.49,787,Fogaça
162,Corporis Unde,Esportes,47.19,324,Moraes Ltda.
163,Nobis Hic,Saúde,184.4,842,Martins Almeida e Filhos
164,Quod Ipsum,Livros,108.26,974,Almeida Nogueira e Filhos
165,Suscipit Ut,Roupas,465.77,91,Nogueira
166,Fuga Ducimus,Eletrônicos,345.59,455,Castro Barbosa S.A.
167,Neque Laborum,Saúde,220.72,995,Ribeiro
168,Explicabo Necessitatibus,Bebidas,497.52,862,da Mota e Filhos
169,Debitis Repellendus,Beleza,453.44,927,Teixeira S/A
170,Hic Itaque,Livros,15.97,263,Caldeira Ltda.
171,Nostrum Impedit,Roupas,464.62,681,Campos
172,Quod Excepturi,Livros,235.36,5,Azevedo
173,Cum Amet,Livros,18.78,269,Pereira e Filhos
174,Eius At,Casa,272.54,761,Moreira
175,Debitis Dolor,Roupas,308.21,323,Costa
176,Suscipit Pariatur,Bebidas,324.73,91,Castro - EI
177,Aliquid Blanditiis,Beleza,448.14,387,Porto
178,Aliquam Nulla,Eletrônicos,101.95,581,Sales S/A
179,Aliquid Accusamus,Beleza,457.99,994,Pires S/A
180,Qui Accusantium,Bebidas,18.66,91,da Mata Moreira S.A.
181,Nobis Labore,Roupas,320.01,544,Gonçalves
182,Aspernatur Ducimus,Brinquedos,333.77,806,da Cunha
183,Labore Debitis,Esportes,135.47,292,Gomes Cavalcanti - EI
184,At Veniam,Alimentos,127.29,949,Dias
185,Exercitationem Eveniet,Brinquedos,89.29,430,Moura
186,Doloremque Tempora,Alimentos,486.67,61,Porto - ME
187,Dicta Perspiciatis,Esportes,61.44,798,Silveira
188,Harum Sapiente,Eletrônicos,347.45,938,Jesus - EI
189,Ipsum Sapiente,Brinquedos,196.88,481,da Costa S.A.
190,Atque Dolor,Beleza,157.85,405,Novaes
191,Deserunt Adipisci,Esportes,367.22,811,da Luz
192,Quia Mollitia,Casa,355.0,583,Fernandes S.A.
193,Et Dolorem,Livros,185.91,68,Martins Ramos e Filhos
194,Et Nesciunt,Alimentos,133.92,230,Rocha
195,Dolorum Exercitationem,Saúde,349.09,618,Lopes
196,Deserunt Tenetur,Roupas,472.94,116,da Luz Melo S.A.
197,Repudiandae Itaque,Livros,322.49,260,Nunes
198,Praesentium Fugit,Esportes,424.11,441,Duarte
199,Temporibus Exercitationem,Livros,261.53,738,Freitas
200,Veniam Provident,Roupas,484.94,947,Souza Ltda.
201,Veniam Laboriosam,Roupas,75.64,669,Teixeira
202,Assumenda Magni,Casa,354.71,785,Barbosa
203,Dignissimos Nihil,Beleza,450.09,99,Costa
204,Possimus Inventore,Saúde,398.37,229,Pinto
205,Laudantium Ex,Casa,18.35,988,Teixeira Pereira e Filhos
206,Nam Laborum,Bebidas,143.85,790,das Neves e Filhos
207,Error Sapiente,Alimentos,370.34,117,Rezende Souza Ltda.
208,Commodi Aspernatur,Livros,61.6,683,da Mata S.A.
209,Perferendis Repellendus,Bebidas,281.29,54,Pires Gonçalves S/A
210,Aut In,Alimentos,139.25,157,Silva Monteiro S.A.
211,Et Consequuntur,Casa,13.47,677,Ramos Cavalcanti Ltda.
212,Illum Officia,Livros,119.09,715,Melo
213,Facilis Voluptatem,Alimentos,393.13,579,Vieira Costela - EI
214,Reiciendis Ab,Eletrônicos,220.25,108,da Paz
215,Aspernatur Eligendi,Saúde,149.39,68,Vieira das Neves - ME
216,Minus Eaque,Saúde,237.17,119,Jesus
217,Eaque Distinctio,Saúde,167.14,468,Teixeira Moreira - EI
218,Ipsa Incidunt,Beleza,205.12,951,Barbosa Vieira S/A
219,Sapiente Ex,Beleza,45.41,827,Rocha Azevedo - EI
220,Modi Minus,Livros,405.74,843,Monteiro
221,Perferendis Amet,Brinquedos,421.1,482,Pereira e Filhos
222,Praesentium Veritatis,Casa,295.18,83,Lima
223,Ad Itaque,Eletrônicos,120.04,837,Moraes
224,Similique Rem,Eletrônicos,445.85,884,da Cunha S.A.
225,Fugit Voluptatum,Saúde,266.67,207,Vieira
226,Eaque Cumque,Alimentos,125.82,986,Costa
227,Voluptatem Deserunt,Beleza,14.65,728,Correia Ramos Ltda.
228,Ex Quaerat,Beleza,459.14,524,Moreira
229,Quis Quaerat,Roupas,177.59,583,Cunha Ltda.
230,In Quibusdam,Alimentos,447.18,767,Souza
231,Dignissimos Similique,Esportes,287.12,490,Silveira
232,Unde Illum,Saúde,304.68,592,Ferreira
233,Alias Ipsa,Esportes,448.43,58,Ferreira Nunes e Filhos
234,Modi Qui,Esportes,335.99,296,Porto Gonçalves - EI
235,Sint Cum,Brinquedos,408.65,724,Cardoso Araújo - ME
236,Ut Accusantium,Brinquedos,98.56,624,Farias
237,Laborum Commodi,Beleza,200.8,716,Nascimento Ltda.
238,Tempore Quis,Saúde,161.45,378,Costela
239,Autem Suscipit,Roupas,43.75,919,Nogueira S/A
240,Aliquid Quos,Roupas,364.33,787,Jesus - EI
241,Tempore Natus,Casa,190.71,30,da Cruz Araújo - ME
242,Porro Dolores,Roupas,144.12,837,Caldeira Novaes e Filhos
243,Labore Enim,Bebidas,276.8,520,da Conceição
244,Iste Accusantium,Casa,227.75,301,Rodrigues e Filhos
245,Corporis Est,Brinquedos,56.89,866,da Cunha da Cruz S.A.
246,Quisquam Et,Brinquedos,145.84,951,Nogueira
247,Expedita Minima,Eletrônicos,422.79,301,da Costa
248,Illo Amet,Eletrônicos,207.83,110,Cardoso
249,Mollitia Quaerat,Brinquedos,74.85,192,Cunha
250,Excepturi Adipisci,Bebidas,11.1,147,Carvalho da Cunha - EI
251,Alias Corrupti,Bebidas,303.57,939,da Conceição
252,Perferendis Fuga,Beleza,338.16,837,Carvalho
253,Culpa Autem,Roupas,447.67,773,Gomes Souza S/A
254,Quo Voluptatem,Bebidas,170.21,92,da Conceição - EI
255,Molestias Ea,Esportes,98.41,354,Santos Jesus S/A
256,Illo Provident,Eletrônicos,418.62,462,da Rosa Fogaça S.A.
257,Beatae Asperiores,Esportes,190.35,319,Cunha e Filhos
258,Sit Autem,Saúde,367.59,157,Dias
259,Magni Dolores,Eletrônicos,312.63,287,Lima da Costa e Filhos
260,Architecto Odio,Livros,465.34,155,Freitas e Filhos
261,Porro Voluptatem,Livros,444.7,543,Viana Dias - ME
262,Ipsum Delectus,Esportes,134.75,389,da Mota Teixeira Ltda.
263,Debitis Natus,Beleza,366.46,616,Azevedo S.A.
264,Facilis Ex,Alimentos,335.09,293,Lima
265,Perspiciatis Qui,Casa,436.91,132,Fernandes
266,Earum Modi,Livros,415.3,452,Novaes Ramos - EI
267,Id Consectetur,Esportes,23.34,718,Duarte Teixeira - ME
268,Minima Eveniet,Roupas,250.01,577,Cavalcanti S.A.
269,Magnam Autem,Saúde,417.97,786,Alves Viana Ltda.
270,Fugiat Repellat,Eletrônicos,269.05,742,da Cruz e Filhos
271,Eveniet Ducimus,Brinquedos,90.66,609,da Luz
272,Ullam Dicta,Saúde,351.76,925,Rezende
273,Aut Harum,Livros,44.03,391,Teixeira Duarte - ME
274,Dolore Aliquam,Eletrônicos,143.46,689,Fogaça Ribeiro S.A.
275,Vero Similique,Livros,140.37,465,Porto Ltda.
276,Optio Perspiciatis,Casa,325.6,661,Gomes Ltda.
277,Eligendi Commodi,Esportes,223.65,796,Gonçalves
278,Accusantium Impedit,Saúde,235.88,940,Ferreira
279,Eius Rem,Casa,22.89,78,da Mota Freitas Ltda.
280,Asperiores Voluptatem,Eletrônicos,427.99,797,da Rosa - ME
281,Sint Ullam,Beleza,384.69,68,Martins Duarte e Filhos
282,Non Cumque,Brinquedos,389.49,960,Peixoto Martins Ltda.
283,Blanditiis Ratione,Beleza,476.99,587,Duarte Araújo S/A
284,Cumque Reiciendis,Brinquedos,412.3,240,Pires Porto S.A.
285,In Dignissimos,Esportes,69.35,87,da Mata
286,Delectus Animi,Beleza,376.78,847,Monteiro S.A.
287,Ducimus Recusandae,Eletrônicos,197.29,517,Rezende - EI
288,Ullam Voluptatem,Beleza,83.79,678,Ribeiro Ltda.
289,Totam Et,Roupas,67.6,101,Moreira
290,Minus Minus,Esportes,475.45,521,da Cunha
291,Suscipit Atque,Livros,247.04,423,Gonçalves
292,Quae Sapiente,Brinquedos,311.77,88,Mendes
293,Numquam Deleniti,Livros,222.96,237,Moreira Lima - EI
294,Consequatur Debitis,Bebidas,307.42,131,Nogueira S/A
295,Ut Rem,Livros,399.09,928,Souza
296,Ex Et,Alimentos,335.02,837,Ferreira - ME
297,Cumque Facere,Esportes,240.93,485,Rodrigues
298,Est Sequi,Beleza,439.32,50,Rocha S.A.
299,Molestiae Deserunt,Bebidas,186.24,952,da Cunha
300,Accusantium Dolor,Beleza,114.9,969,Moraes
301,Aliquid Recusandae,Beleza,13.55,379,Mendes S.A.
302,Deleniti Nostrum,Roupas,357.34,740,Peixoto S/A
303,Ab In,Beleza,75.61,242,Lopes
304,Animi Tempore,Bebidas,111.22,547,Ferreira e Filhos
305,Laboriosam Dicta,Alimentos,338.6,77,Martins
306,Perferendis Facilis,Roupas,13.04,884,Cunha Porto S/A
307,Veritatis Soluta,Roupas,33.27,413,Cardoso
308,Aspernatur Voluptatibus,Brinquedos,419.83,642,Melo
309,Debitis Aliquid,Bebidas,138.74,509,Campos
310,Necessitatibus Animi,Roupas,85.17,121,Viana - ME
311,Placeat Illum,Casa,252.92,235,Viana Ltda.
312,Architecto Rem,Bebidas,324.7,751,da Rocha S/A
313,Ipsam Enim,Livros,260.63,820,Lopes Ramos S.A.
314,Assumenda Placeat,Brinquedos,466.69,235,Souza Ltda.
315,Doloremque Unde,Esportes,306.53,829,Moreira
316,Officia Ab,Livros,420.46,62,Pinto Porto e Filhos
317,Cumque Molestias,Livros,97.86,266,Pereira
318,Aperiam Iste,Beleza,290.51,623,Alves - ME
319,Facere Enim,Beleza,229.85,350,Castro
320,Quas Beatae,Roupas,126.0,388,Campos
321,Harum Facilis,Roupas,296.43,399,Duarte
322,Cumque Nesciunt,Casa,39.77,986,Monteiro
323,Nihil Error,Livros,64.23,112,Correia Silveira - ME
324,Quae Facilis,Saúde,458.07,621,Nunes Dias Ltda.
325,Possimus Molestias,Alimentos,289.55,807,Jesus - ME
326,Odit Quod,Beleza,226.91,706,Pinto
327,Quos Nesciunt,Bebidas,486.5,844,Almeida Porto e Filhos
328,Autem Illo,Beleza,62.65,29,Cardoso
329,Alias Sapiente,Alimentos,416.67,83,da Luz
330,Autem Vitae,Beleza,302.12,637,Costela Cardoso S/A
331,Sapiente Consectetur,Alimentos,293.7,417,Nunes Moura S/A
332,Laudantium Quibusdam,Livros,277.35,107,da Paz
333,In Esse,Beleza,477.41,231,da Conceição e Filhos
334,Necessitatibus Odit,Alimentos,159.44,643,Almeida
335,Cumque Laudantium,Esportes,294.59,18,Azevedo - ME
336,Quos Dolorem,Casa,106.38,251,Pereira
337,Corporis Dolores,Livros,358.35,814,Duarte Santos e Filhos
338,Quis Illo,Beleza,401.61,677,Gomes
339,Similique Ratione,Livros,215.56,205,da Cunha da Rosa - EI
340,Quisquam Earum,Brinquedos,311.05,554,Azevedo
341,Voluptate Illum,Roupas,260.34,167,Costela
342,In Dicta,Bebidas,62.97,900,da Luz e Filhos
343,Ad Reiciendis,Beleza,212.51,910,Rodrigues
344,Esse Iure,Saúde,132.87,450,Rocha
345,Distinctio Blanditiis,Brinquedos,263.9,409,Fogaça
346,Quae Eaque,Alimentos,155.32,868,Santos
347,Eius Ratione,Brinquedos,241.0,665,da Cruz
348,Quas Occaecati,Saúde,241.25,849,Castro Fernandes e Filhos
349,Distinctio Placeat,Casa,91.92,601,das Neves Lopes S/A
350,Distinctio Numquam,Bebidas,246.24,987,Santos e Filhos
351,Ipsum Rerum,Brinquedos,489.81,848,da Conceição S/A
352,Vero Omnis,Eletrônicos,370.8,508,Silva Silveira - ME
353,Expedita Commodi,Alimentos,23.48,160,Jesus - EI
354,Ipsum Necessitatibus,Beleza,398.8,559,da Rosa Ltda.
355,Iure Reiciendis,Alimentos,370.59,253,Mendes
356,Iusto Et,Saúde,494.29,886,Duarte S/A
357,Officia Voluptate,Roupas,268.68,242,Ribeiro - ME
358,Quo Quo,Beleza,340.98,128,Pires Viana S/A
359,Incidunt Itaque,Roupas,138.3,520,Campos
360,Voluptates Sit,Bebidas,29.33,960,Costa S.A.
361,Rem Voluptates,Esportes,411.2,917,da Rocha
362,Quod Odio,Roupas,290.47,918,Santos Barbosa S/A
363,Libero Voluptatem,Livros,486.65,806,Monteiro Barros Ltda.
364,Ea At,Roupas,357.1,314,Cavalcanti
365,Suscipit Aspernatur,Saúde,384.29,645,da Conceição
366,Voluptatem Perspiciatis,Livros,294.36,491,Cardoso Fernandes - ME
367,Eveniet Sunt,Esportes,326.42,120,Costa
368,Ipsam Perspiciatis,Brinquedos,370.6,340,Pires Nogueira - EI
369,Maiores Quidem,Brinquedos,211.75,265,Costela Araújo e Filhos
370,Facilis Numquam,Roupas,119.92,268,Nascimento S/A
371,Et Corporis,Brinquedos,310.83,799,da Conceição
372,Dignissimos Quidem,Eletrônicos,309.82,788,Campos
373,Totam Praesentium,Eletrônicos,411.01,213,Castro - EI
374,Sunt Laudantium,Brinquedos,120.23,697,das Neves
375,Doloremque Numquam,Livros,333.91,569,Fogaça
376,Illum Dicta,Alimentos,32.83,194,Moreira
377,Voluptate Nobis,Alimentos,41.25,357,Araújo
378,Magni Officiis,Alimentos,34.06,920,Nascimento S/A
379,Natus In,Eletrônicos,32.02,990,Rocha
380,Ducimus Unde,Casa,283.45,15,Araújo
381,Placeat Illum,Eletrônicos,58.19,306,Melo Pereira Ltda.
382,Incidunt Mollitia,Roupas,105.55,985,Oliveira
383,Eaque Nisi,Casa,56.19,70,Santos da Cunha e Filhos
384,Magnam Perferendis,Roupas,160.13,25,Alves
385,Dolor Vero,Roupas,352.24,671,da Costa
386,Perspiciatis Reiciendis,Roupas,126.6,190,da Rosa S.A.
387,Sequi Ex,Roupas,334.09,599,Lima Moura e Filhos
388,Ipsa Incidunt,Alimentos,23.39,381,da Cunha
389,Dolores Commodi,Casa,102.87,464,Almeida
390,Molestias Illo,Roupas,26.44,764,Ferreira Ramos e Filhos
391,Quasi Quibusdam,Eletrônicos,203.53,122,Sales Lima e Filhos
392,Laborum Maxime,Casa,159.69,317,Freitas
393,Ratione Velit,Alimentos,96.72,270,Martins
394,Quos Beatae,Beleza,177.94,205,Ferreira S.A.
395,Qui Distinctio,Casa,373.07,850,Vieira Pinto Ltda.
396,Excepturi Fugit,Bebidas,67.82,454,das Neves
397,Dolor Necessitatibus,Eletrônicos,177.95,388,Fogaça
398,Dicta Adipisci,Eletrônicos,285.9,973,da Mata
399,Reiciendis Enim,Casa,362.53,76,Sales Barbosa Ltda.
400,Est Eius,Livros,301.64,695,Campos Melo - EI
401,Illo Esse,Beleza,17.33,63,da Mata Ltda.
402,Dolor Iure,Casa,290.34,456,da Rosa e Filhos
403,Libero Deleniti,Casa,443.89,937,Viana
404,Neque Qui,Esportes,148.37,751,Moreira
405,Autem Magnam,Bebidas,88.12,593,Nunes Moraes e Filhos
406,Facilis Cum,Roupas,111.96,831,da Rosa
407,Harum Quaerat,Bebidas,120.97,866,Azevedo
408,Commodi Dolore,Eletrônicos,182.04,881,Ramos e Filhos
409,Culpa Vitae,Alimentos,144.02,448,Dias
410,Nulla Nisi,Eletrônicos,416.86,253,Silveira
411,Tenetur Suscipit,Casa,74.81,201,Pinto
412,At Aperiam,Beleza,384.95,857,Duarte Fernandes S.A.
413,Dolore Enim,Casa,285.89,320,Monteiro S.A.
414,Sint Nemo,Livros,151.66,411,Gonçalves Ltda.
415,Molestias Natus,Bebidas,17.71,447,Souza
416,Numquam Dignissimos,Bebidas,378.99,598,Almeida - EI
417,Non Facere,Eletrônicos,176.4,569,Carvalho
418,A Ipsa,Eletrônicos,281.08,234,da Mota
419,Ipsam Saepe,Roupas,41.6,301,Pereira
420,Architecto Deleniti,Esportes,349.42,482,Freitas
421,Dolorum Vel,Casa,442.21,150,Barbosa
422,Eos Dignissimos,Bebidas,280.23,534,Vieira Oliveira S.A.
423,Saepe Deleniti,Alimentos,488.47,206,Moreira S/A
424,Dignissimos Sequi,Saúde,472.01,900,da Paz Araújo S/A
425,Voluptas Quam,Esportes,273.1,676,Lima S.A.
426,Nobis Placeat,Beleza,282.32,98,Duarte
427,Sint Est,Saúde,65.47,804,Cunha Melo - EI
428,Sit Provident,Bebidas,282.79,514,Ribeiro
429,Mollitia Rerum,Bebidas,221.23,745,Moraes
430,Eveniet Repudiandae,Eletrônicos,394.6,78,Azevedo
431,Praesentium Error,Livros,57.61,220,Nascimento
432,Tempore Debitis,Roupas,391.95,616,Azevedo
433,Itaque Natus,Livros,396.42,843,Costa Fernandes S/A
434,Natus Quaerat,Roupas,83.99,598,Nascimento
435,Sed Animi,Livros,197.54,332,Silva da Conceição S.A.
436,Temporibus Quis,Casa,463.41,979,da Cunha
437,Occaecati Eveniet,Livros,15.06,56,da Cruz S/A
438,Adipisci Doloremque,Brinquedos,14.37,684,Araújo
439,Rerum Occaecati,Esportes,11.13,533,Cardoso
440,Nisi Impedit,Beleza,67.89,158,Lopes
441,Dolorum Saepe,Saúde,341.17,404,Moraes e Filhos
442,Doloribus Pariatur,Brinquedos,293.14,404,Martins
443,Unde Omnis,Roupas,351.66,119,Pires
444,Ab Laudantium,Bebidas,156.71,514,Pires S.A.
445,Labore Maxime,Brinquedos,271.92,781,Barros da Mata S/A
446,Eius Dolores,Bebidas,75.49,874,Barros
447,Molestiae Nemo,Livros,210.57,901,Rocha Duarte - EI
448,Illum Ipsa,Roupas,362.82,354,Souza
449,Suscipit Eos,Saúde,292.74,340,Mendes
450,Rem Ipsa,Brinquedos,363.76,856,Jesus - ME
451,Facere Placeat,Beleza,66.48,798,Costela
452,Error Illum,Brinquedos,44.66,472,Silveira Dias - EI
453,Voluptatibus Similique,Saúde,300.22,729,Alves
454,Beatae Esse,Saúde,372.09,639,Carvalho Araújo - ME
455,Temporibus Laboriosam,Casa,160.17,380,Campos S/A
456,Quia Soluta,Casa,232.64,962,Gonçalves
457,Necessitatibus Dicta,Beleza,62.35,178,Santos
458,Quaerat Dicta,Casa,181.0,81,Campos da Conceição e Filhos
459,Rerum Voluptatum,Beleza,123.52,656,Ramos S/A
460,Odit Voluptatem,Casa,259.23,54,Nascimento
461,Necessitatibus Expedita,Eletrônicos,337.51,864,Carvalho Lima - ME
462,Fugiat Ad,Alimentos,20.15,98,da Cruz - ME
463,Quo Modi,Brinquedos,393.41,920,da Mata Souza - EI
464,Aperiam Deleniti,Bebidas,165.03,807,Alves
465,Harum Magni,Roupas,323.32,297,da Cunha Silva S/A
466,Odit Earum,Bebidas,352.28,207,Mendes
467,Voluptates Neque,Roupas,106.5,35,Viana
468,At Provident,Roupas,110.24,721,da Mata Campos - ME
469,Praesentium Id,Esportes,457.26,751,Silva S.A.
470,Blanditiis Odit,Livros,49.57,303,Gonçalves - EI
471,A Voluptas,Bebidas,92.42,486,Rodrigues - EI
472,Repudiandae Omnis,Esportes,443.87,7,Fogaça
473,Harum Esse,Brinquedos,215.4,597,da Mota Pereira S.A.
474,Suscipit Quasi,Saúde,417.28,625,Rodrigues
475,Nostrum Illo,Beleza,64.75,489,Martins
476,Distinctio Voluptatibus,Saúde,396.68,339,Rodrigues
477,Nobis Asperiores,Esportes,98.57,564,da Conceição Aragão Ltda.
478,Quibusdam Vero,Saúde,251.84,156,Novaes
479,Officia Temporibus,Livros,74.1,155,Fogaça e Filhos
480,Nesciunt Recusandae,Roupas,233.96,631,Duarte Barbosa - EI
481,Perferendis Delectus,Eletrônicos,67.2,557,Sales
482,Sapiente Amet,Brinquedos,366.92,811,da Costa
483,Exercitationem Reprehenderit,Esportes,289.69,524,Ramos S/A
484,Culpa Eaque,Roupas,241.45,724,Ribeiro
485,Inventore Quam,Eletrônicos,451.73,899,Souza da Mata S.A.
486,Error Voluptatibus,Alimentos,385.93,303,Nascimento
487,Molestias Dolor,Casa,180.23,278,Pereira
488,Fuga Quaerat,Livros,218.81,347,das Neves Teixeira S.A.
489,Iusto Modi,Beleza,186.5,792,Santos
490,Repellat Eos,Roupas,131.11,290,da Rocha
491,Alias Ea,Livros,256.31,889,das Neves
492,Ratione Autem,Bebidas,452.95,174,Ferreira S.A.
493,Odio Occaecati,Esportes,283.51,833,Pinto
494,Nobis Repellat,Bebidas,278.64,167,da Mata
495,Soluta Id,Eletrônicos,486.71,501,Rocha
496,Ipsum Molestias,Saúde,456.8,849,Gonçalves
497,Praesentium Doloremque,Eletrônicos,155.06,244,Fogaça Moreira - ME
498,Beatae Aspernatur,Livros,329.22,60,Azevedo
499,Quo Veniam,Brinquedos,253.36,95,Melo S/A
500,Voluptatem Cum,Bebidas,453.56,228,Moreira - EI
